{"cameraMode":{"drawMode":0,"name":"Shaded","section":"Shading Mode"},"sceneLighting":false,"audioPlay":false,"sceneViewState":{"showFog":true,"showMaterialUpdate":false,"showSkybox":false,"showFlares":true,"showImageEffects":true,"showParticleSystems":true},"in2DMode":false,"pivot":{"x":-0.029262006282806398,"y":-0.2783889174461365,"z":-0.17901074886322022},"rotation":{"x":0.2112511843442917,"y":0.2664569616317749,"z":-0.05996399000287056,"w":0.9385148882865906},"size":3.157883644104004,"orthographic":false}