{"cameraMode":{"drawMode":0,"name":"Shaded","section":"Shading Mode"},"sceneLighting":true,"audioPlay":false,"sceneViewState":{"showFog":true,"showMaterialUpdate":false,"showSkybox":true,"showFlares":true,"showImageEffects":true,"showParticleSystems":true},"in2DMode":false,"pivot":{"x":23.6801815032959,"y":11.965112686157227,"z":-9.664480209350586},"rotation":{"x":0.25327321887016299,"y":-0.4546721875667572,"z":0.13662053644657136,"w":0.8428913354873657},"size":14.401900291442871,"orthographic":false}