{"cameraMode":{"drawMode":0,"name":"Shaded","section":"Shading Mode"},"sceneLighting":false,"audioPlay":false,"sceneViewState":{"showFog":true,"showMaterialUpdate":false,"showSkybox":false,"showFlares":true,"showImageEffects":true,"showParticleSystems":true},"in2DMode":false,"pivot":{"x":6.159999847412109,"y":-38.77000045776367,"z":8.4399995803833},"rotation":{"x":0.27953898906707766,"y":0.4147261381149292,"z":-0.13555021584033967,"w":0.855270504951477},"size":21.641002655029298,"orthographic":false}