{"cameraMode":{"drawMode":0,"name":"Shaded","section":"Shading Mode"},"sceneLighting":false,"audioPlay":false,"sceneViewState":{"showFog":true,"showMaterialUpdate":false,"showSkybox":false,"showFlares":true,"showImageEffects":true,"showParticleSystems":true},"in2DMode":false,"pivot":{"x":5.960464477539063e-8,"y":-39.25,"z":-0.5300000905990601},"rotation":{"x":-0.2646883428096771,"y":-0.011001097038388253,"z":0.0030189838726073505,"w":-0.9642704129219055},"size":4.8105363845825199,"orthographic":false}